#
# TABLE STRUCTURE FOR: site
#


INSERT INTO `site` (`id`, `name`, `street_number`, `street_name`, `building_name`, `post_code`, `city`) VALUES (1, 'quo', 3, 'temporibus', 'corrupti', 986, 'Kendrickfort');
INSERT INTO `site` (`id`, `name`, `street_number`, `street_name`, `building_name`, `post_code`, `city`) VALUES (2, 'culpa', 4, 'magnam', 'consequatur', 93, 'Lake Joannieview');
INSERT INTO `site` (`id`, `name`, `street_number`, `street_name`, `building_name`, `post_code`, `city`) VALUES (3, 'impedit', 268885, 'est', 'aliquam', 326, 'Ceceliahaven');
INSERT INTO `site` (`id`, `name`, `street_number`, `street_name`, `building_name`, `post_code`, `city`) VALUES (4, 'quis', 191842770, 'laborum', 'consequatur', 186, 'Fritschtown');
INSERT INTO `site` (`id`, `name`, `street_number`, `street_name`, `building_name`, `post_code`, `city`) VALUES (5, 'non', 16527633, 'quos', 'natus', 37, 'Braunfurt');
INSERT INTO `site` (`id`, `name`, `street_number`, `street_name`, `building_name`, `post_code`, `city`) VALUES (6, 'voluptate', 7282470, 'exercitationem', 'natus', 270, 'Constanceside');
INSERT INTO `site` (`id`, `name`, `street_number`, `street_name`, `building_name`, `post_code`, `city`) VALUES (7, 'cumque', 354966307, 'repudiandae', 'at', 321, 'Brownton');
INSERT INTO `site` (`id`, `name`, `street_number`, `street_name`, `building_name`, `post_code`, `city`) VALUES (8, 'quas', 88, 'esse', 'maiores', 397, 'Terrellburgh');
INSERT INTO `site` (`id`, `name`, `street_number`, `street_name`, `building_name`, `post_code`, `city`) VALUES (9, 'esse', 53185850, 'labore', 'fugit', 88, 'Ziemannchester');
INSERT INTO `site` (`id`, `name`, `street_number`, `street_name`, `building_name`, `post_code`, `city`) VALUES (10, 'delectus', 9697392, 'vero', 'perferendis', 990, 'Lake Ella');
INSERT INTO `site` (`id`, `name`, `street_number`, `street_name`, `building_name`, `post_code`, `city`) VALUES (11, 'consequatur', 45617164, 'tempore', 'veniam', 86, 'Jerrellshire');
INSERT INTO `site` (`id`, `name`, `street_number`, `street_name`, `building_name`, `post_code`, `city`) VALUES (12, 'natus', 53428585, 'iste', 'non', 730, 'Connellyfort');
INSERT INTO `site` (`id`, `name`, `street_number`, `street_name`, `building_name`, `post_code`, `city`) VALUES (13, 'in', 0, 'corrupti', 'ullam', 405, 'North Stacyview');
INSERT INTO `site` (`id`, `name`, `street_number`, `street_name`, `building_name`, `post_code`, `city`) VALUES (14, 'earum', 48, 'unde', 'mollitia', 623, 'Zacherybury');
INSERT INTO `site` (`id`, `name`, `street_number`, `street_name`, `building_name`, `post_code`, `city`) VALUES (15, 'sapiente', 90725, 'quis', 'enim', 143, 'Howeton');
INSERT INTO `site` (`id`, `name`, `street_number`, `street_name`, `building_name`, `post_code`, `city`) VALUES (16, 'quidem', 237781, 'sunt', 'illo', 262, 'South Isabell');
INSERT INTO `site` (`id`, `name`, `street_number`, `street_name`, `building_name`, `post_code`, `city`) VALUES (17, 'omnis', 490576, 'tenetur', 'laboriosam', 113, 'New Hardychester');
INSERT INTO `site` (`id`, `name`, `street_number`, `street_name`, `building_name`, `post_code`, `city`) VALUES (18, 'esse', 8, 'est', 'ut', 145, 'West Melbaport');
INSERT INTO `site` (`id`, `name`, `street_number`, `street_name`, `building_name`, `post_code`, `city`) VALUES (19, 'hic', 20275, 'maiores', 'itaque', 346, 'Lake Martinaborough');
INSERT INTO `site` (`id`, `name`, `street_number`, `street_name`, `building_name`, `post_code`, `city`) VALUES (20, 'atque', 169622, 'molestiae', 'iste', 86, 'New Dariusmouth');
INSERT INTO `site` (`id`, `name`, `street_number`, `street_name`, `building_name`, `post_code`, `city`) VALUES (21, 'rem', 0, 'accusantium', 'laudantium', 629, 'Littlemouth');
INSERT INTO `site` (`id`, `name`, `street_number`, `street_name`, `building_name`, `post_code`, `city`) VALUES (22, 'animi', 284, 'esse', 'cum', 659, 'Yvonneside');
INSERT INTO `site` (`id`, `name`, `street_number`, `street_name`, `building_name`, `post_code`, `city`) VALUES (23, 'est', 297276, 'minima', 'quidem', 773, 'Mullerstad');
INSERT INTO `site` (`id`, `name`, `street_number`, `street_name`, `building_name`, `post_code`, `city`) VALUES (24, 'eum', 5264541, 'aliquid', 'quis', 84, 'Lake Venabury');
INSERT INTO `site` (`id`, `name`, `street_number`, `street_name`, `building_name`, `post_code`, `city`) VALUES (25, 'a', 7717784, 'optio', 'autem', 440, 'Lake Denis');
INSERT INTO `site` (`id`, `name`, `street_number`, `street_name`, `building_name`, `post_code`, `city`) VALUES (26, 'veniam', 73245857, 'ratione', 'enim', 322, 'Port Alyciastad');
INSERT INTO `site` (`id`, `name`, `street_number`, `street_name`, `building_name`, `post_code`, `city`) VALUES (27, 'enim', 3630077, 'a', 'molestiae', 932, 'Hyattview');
INSERT INTO `site` (`id`, `name`, `street_number`, `street_name`, `building_name`, `post_code`, `city`) VALUES (28, 'similique', 8, 'voluptatem', 'molestias', 531, 'North Josephinemouth');
INSERT INTO `site` (`id`, `name`, `street_number`, `street_name`, `building_name`, `post_code`, `city`) VALUES (29, 'ullam', 444, 'quae', 'laboriosam', 633, 'East Wilma');
INSERT INTO `site` (`id`, `name`, `street_number`, `street_name`, `building_name`, `post_code`, `city`) VALUES (30, 'a', 7210186, 'officiis', 'nulla', 235, 'New Kenyonstad');
INSERT INTO `site` (`id`, `name`, `street_number`, `street_name`, `building_name`, `post_code`, `city`) VALUES (31, 'iusto', 57625734, 'facilis', 'et', 502, 'Rickyton');
INSERT INTO `site` (`id`, `name`, `street_number`, `street_name`, `building_name`, `post_code`, `city`) VALUES (32, 'beatae', 48677905, 'aut', 'doloremque', 128, 'West Josefabury');
INSERT INTO `site` (`id`, `name`, `street_number`, `street_name`, `building_name`, `post_code`, `city`) VALUES (33, 'totam', 0, 'saepe', 'amet', 895, 'Buckridgemouth');
INSERT INTO `site` (`id`, `name`, `street_number`, `street_name`, `building_name`, `post_code`, `city`) VALUES (34, 'ut', 0, 'ut', 'dolores', 788, 'Camrynchester');
INSERT INTO `site` (`id`, `name`, `street_number`, `street_name`, `building_name`, `post_code`, `city`) VALUES (35, 'expedita', 60277, 'eius', 'odit', 256, 'North Sashaville');
INSERT INTO `site` (`id`, `name`, `street_number`, `street_name`, `building_name`, `post_code`, `city`) VALUES (36, 'totam', 6, 'aut', 'possimus', 200, 'South Fausto');
INSERT INTO `site` (`id`, `name`, `street_number`, `street_name`, `building_name`, `post_code`, `city`) VALUES (37, 'iusto', 273409924, 'necessitatibus', 'voluptatibus', 808, 'South Adonisland');
INSERT INTO `site` (`id`, `name`, `street_number`, `street_name`, `building_name`, `post_code`, `city`) VALUES (38, 'quibusdam', 96441115, 'qui', 'possimus', 732, 'South Zelda');
INSERT INTO `site` (`id`, `name`, `street_number`, `street_name`, `building_name`, `post_code`, `city`) VALUES (39, 'eius', 486603, 'a', 'culpa', 281, 'Port Osvaldo');
INSERT INTO `site` (`id`, `name`, `street_number`, `street_name`, `building_name`, `post_code`, `city`) VALUES (40, 'alias', 907212, 'sit', 'ea', 644, 'Janside');
INSERT INTO `site` (`id`, `name`, `street_number`, `street_name`, `building_name`, `post_code`, `city`) VALUES (41, 'quidem', 60, 'omnis', 'similique', 296, 'Lake Rory');
INSERT INTO `site` (`id`, `name`, `street_number`, `street_name`, `building_name`, `post_code`, `city`) VALUES (42, 'voluptates', 8617, 'nisi', 'delectus', 284, 'South Elnachester');
INSERT INTO `site` (`id`, `name`, `street_number`, `street_name`, `building_name`, `post_code`, `city`) VALUES (43, 'ut', 926867, 'quia', 'quas', 684, 'Kozeyborough');
INSERT INTO `site` (`id`, `name`, `street_number`, `street_name`, `building_name`, `post_code`, `city`) VALUES (44, 'sit', 618, 'nam', 'quaerat', 855, 'Port Billie');
INSERT INTO `site` (`id`, `name`, `street_number`, `street_name`, `building_name`, `post_code`, `city`) VALUES (45, 'velit', 0, 'repudiandae', 'in', 884, 'Port Margarettafurt');
INSERT INTO `site` (`id`, `name`, `street_number`, `street_name`, `building_name`, `post_code`, `city`) VALUES (46, 'dolor', 0, 'dolore', 'facere', 140, 'South Jacyntheville');
INSERT INTO `site` (`id`, `name`, `street_number`, `street_name`, `building_name`, `post_code`, `city`) VALUES (47, 'quis', 5563356, 'dolorum', 'reiciendis', 775, 'North Jolieborough');
INSERT INTO `site` (`id`, `name`, `street_number`, `street_name`, `building_name`, `post_code`, `city`) VALUES (48, 'reiciendis', 873306, 'ut', 'nemo', 549, 'Lake Sheldon');
INSERT INTO `site` (`id`, `name`, `street_number`, `street_name`, `building_name`, `post_code`, `city`) VALUES (49, 'et', 9163882, 'beatae', 'error', 749, 'North Holden');
INSERT INTO `site` (`id`, `name`, `street_number`, `street_name`, `building_name`, `post_code`, `city`) VALUES (50, 'amet', 834, 'culpa', 'reprehenderit', 171, 'Jerrodbury');



#
# TABLE STRUCTURE FOR: user
#


INSERT INTO `user` (`id`, `name`, `first_name`, `password`, `roles`, `card_pro`, `email`) VALUES (1, 'corrupti', 'Freddy', 'e9d2549b32e0f6f29307d2b9e1b31a250c609d0d', '', '4929326261079115', 'selmer25@example.net');
INSERT INTO `user` (`id`, `name`, `first_name`, `password`, `roles`, `card_pro`, `email`) VALUES (2, 'maxime', 'Verla', 'd01c8693b509d6039cee06c0e610fc1fa4d00685', '', '5155407845052055', 'marjorie.nikolaus@example.org');
INSERT INTO `user` (`id`, `name`, `first_name`, `password`, `roles`, `card_pro`, `email`) VALUES (3, 'exercitationem', 'Tyrese', '1b543c59eb63738fa923affa4be9a49870d22cfb', '', '341858742999359', 'cindy96@example.org');
INSERT INTO `user` (`id`, `name`, `first_name`, `password`, `roles`, `card_pro`, `email`) VALUES (4, 'quia', 'Jonathon', '3e75bb496c8d5699a00a7a41a5927d32fba62440', '', '4716447086869', 'rhianna.carroll@example.com');
INSERT INTO `user` (`id`, `name`, `first_name`, `password`, `roles`, `card_pro`, `email`) VALUES (5, 'voluptate', 'Collin', 'b817e25e780a6c04fdc3c79be6e08ba566d5e029', '', '6011369814403769', 'makayla.langworth@example.org');
INSERT INTO `user` (`id`, `name`, `first_name`, `password`, `roles`, `card_pro`, `email`) VALUES (6, 'omnis', 'Ian', '85b4ecacbef07da01b5484b35455c9f2f1d85beb', '', '6011498116044820', 'jerde.raul@example.net');
INSERT INTO `user` (`id`, `name`, `first_name`, `password`, `roles`, `card_pro`, `email`) VALUES (7, 'voluptatibus', 'Karelle', '73272055c6194bfa42e27bdd4e9939f1a7ef6b53', '', '5424362669695252', 'dale97@example.org');
INSERT INTO `user` (`id`, `name`, `first_name`, `password`, `roles`, `card_pro`, `email`) VALUES (8, 'excepturi', 'Cristopher', '3cb68360c9d0d260739526841f2c1d05ab90da26', '', '4879659383468484', 'dooley.garnett@example.net');
INSERT INTO `user` (`id`, `name`, `first_name`, `password`, `roles`, `card_pro`, `email`) VALUES (9, 'aperiam', 'Estefania', 'bb8ea6dc3d7ad11fd3d529e2759315bfb1fd3a7f', '', '5437444588224382', 'hollie09@example.com');
INSERT INTO `user` (`id`, `name`, `first_name`, `password`, `roles`, `card_pro`, `email`) VALUES (10, 'nihil', 'Isaac', 'a4b08328f6e78d31d27cbe6200a0a780ea4849b9', '', '378802251220512', 'dietrich.joseph@example.net');
INSERT INTO `user` (`id`, `name`, `first_name`, `password`, `roles`, `card_pro`, `email`) VALUES (11, 'debitis', 'Isaias', '856354aefa599ec24c7f0e0d006ff66c0b7e6a51', '', '5543266917029927', 'tiffany.ledner@example.com');
INSERT INTO `user` (`id`, `name`, `first_name`, `password`, `roles`, `card_pro`, `email`) VALUES (12, 'quia', 'Emile', 'a975e92f826a6f55f9fe6e3d0850fa42fd41fa7a', '', '4485016133826244', 'kautzer.delta@example.com');
INSERT INTO `user` (`id`, `name`, `first_name`, `password`, `roles`, `card_pro`, `email`) VALUES (13, 'iste', 'Rosa', '844da33813235505a5a06bb0892253502034d113', '', '5439012817005252', 'jeramy74@example.net');
INSERT INTO `user` (`id`, `name`, `first_name`, `password`, `roles`, `card_pro`, `email`) VALUES (14, 'ratione', 'Shemar', '97d24084f510411b06e89aa9ee41666da6eab6c3', '', '4929008536054', 'vbrakus@example.com');
INSERT INTO `user` (`id`, `name`, `first_name`, `password`, `roles`, `card_pro`, `email`) VALUES (15, 'tempore', 'Willard', 'a7e15d88874e18da2049735192aad247c9f2eb19', '', '5482190035877372', 'anienow@example.org');
INSERT INTO `user` (`id`, `name`, `first_name`, `password`, `roles`, `card_pro`, `email`) VALUES (16, 'molestiae', 'Nicolette', 'ec88e90fd8f01fc00ad1ec866755aa93572d19a0', '', '5494736478613135', 'abbey74@example.org');
INSERT INTO `user` (`id`, `name`, `first_name`, `password`, `roles`, `card_pro`, `email`) VALUES (17, 'aliquid', 'Opal', 'b12423962a58adac92cac4185d4b648b23f64fbd', '', '4716955650832', 'cassidy.walker@example.org');
INSERT INTO `user` (`id`, `name`, `first_name`, `password`, `roles`, `card_pro`, `email`) VALUES (18, 'voluptatem', 'Trace', '2b24dfe0e00a1e6d94b2e9a35cd26b4b4dc85be8', '', '5336282948287604', 'hlittle@example.com');
INSERT INTO `user` (`id`, `name`, `first_name`, `password`, `roles`, `card_pro`, `email`) VALUES (19, 'cum', 'Armand', '060798770b571f5dcca11572ed817deee7f2f28e', '', '340785748115596', 'pdenesik@example.com');
INSERT INTO `user` (`id`, `name`, `first_name`, `password`, `roles`, `card_pro`, `email`) VALUES (20, 'nulla', 'Josianne', '122683351b8293137565e6835ca24fb823fe846b', '', '4539895258656927', 'kertzmann.lucinda@example.org');
INSERT INTO `user` (`id`, `name`, `first_name`, `password`, `roles`, `card_pro`, `email`) VALUES (21, 'et', 'Ernest', '8787654c010825cb80d06762d44368d6024371ec', '', '370041149736723', 'daniela86@example.org');
INSERT INTO `user` (`id`, `name`, `first_name`, `password`, `roles`, `card_pro`, `email`) VALUES (22, 'dolore', 'Kailyn', 'cc7fa060380b1ae597d385151b30ae146eafc25c', '', '4532090169524864', 'carter.louisa@example.net');
INSERT INTO `user` (`id`, `name`, `first_name`, `password`, `roles`, `card_pro`, `email`) VALUES (23, 'non', 'Lauretta', 'dae4d7cc5f72aafde2289f0d47052ec60e60210f', '', '5504427380022743', 'emilie.barton@example.org');
INSERT INTO `user` (`id`, `name`, `first_name`, `password`, `roles`, `card_pro`, `email`) VALUES (24, 'voluptatem', 'Einar', 'e22b28db3642ea648f1e78382f017832b708e33d', '', '5583884108177930', 'gideon.price@example.net');
INSERT INTO `user` (`id`, `name`, `first_name`, `password`, `roles`, `card_pro`, `email`) VALUES (25, 'consectetur', 'Ettie', '8f5a74be60023a10e880a9e5bb7fcbb56962215b', '', '4916833341220908', 'audreanne38@example.org');
INSERT INTO `user` (`id`, `name`, `first_name`, `password`, `roles`, `card_pro`, `email`) VALUES (26, 'sit', 'Destinee', 'c495e8c8c21fd86fca0e5774eca831f5e8b0e82f', '', '5327965038438574', 'alycia93@example.org');
INSERT INTO `user` (`id`, `name`, `first_name`, `password`, `roles`, `card_pro`, `email`) VALUES (27, 'tempora', 'Federico', '584bee55cc44c78cffba47ad570242e2a738e641', '', '6011417321907882', 'goldner.kendra@example.com');
INSERT INTO `user` (`id`, `name`, `first_name`, `password`, `roles`, `card_pro`, `email`) VALUES (28, 'voluptatem', 'Kyle', '1ecf5d0510fbafd684cbde6f95c46967fa5ad61d', '', '5218420906147552', 'keebler.erich@example.net');
INSERT INTO `user` (`id`, `name`, `first_name`, `password`, `roles`, `card_pro`, `email`) VALUES (29, 'quia', 'Abbie', '1d596cf2da19bee6547c6304377569667dc97363', '', '4716066585549', 'friesen.ima@example.org');
INSERT INTO `user` (`id`, `name`, `first_name`, `password`, `roles`, `card_pro`, `email`) VALUES (30, 'et', 'Destini', '6af7b8f0e1279920c5bf4f92033b7302d1484268', '', '378885607184948', 'rodolfo.bergnaum@example.org');
INSERT INTO `user` (`id`, `name`, `first_name`, `password`, `roles`, `card_pro`, `email`) VALUES (31, 'totam', 'Oral', '20af71c98ed4e1ff46921ffd33be7f5e7b3a50b6', '', '345330112567524', 'jennie.o\'connell@example.com');
INSERT INTO `user` (`id`, `name`, `first_name`, `password`, `roles`, `card_pro`, `email`) VALUES (32, 'excepturi', 'Rebekah', 'b325736b96123b5753cee90ca7fe1e350f9ad9bf', '', '6011589250819291', 'mwalter@example.net');
INSERT INTO `user` (`id`, `name`, `first_name`, `password`, `roles`, `card_pro`, `email`) VALUES (33, 'molestiae', 'Margaretta', 'dbd2d5bd9090d655b6c138453f65e5333e96ab0d', '', '4485943174581352', 'tgoldner@example.org');
INSERT INTO `user` (`id`, `name`, `first_name`, `password`, `roles`, `card_pro`, `email`) VALUES (34, 'et', 'Joanne', 'a51d37d859a886ca277ff8780f32941f244c6672', '', '341088919708291', 'gkoss@example.org');
INSERT INTO `user` (`id`, `name`, `first_name`, `password`, `roles`, `card_pro`, `email`) VALUES (35, 'architecto', 'Johnnie', '94c15629a11595fbcbe3754ee090158c392e8742', '', '4716479378042', 'hrau@example.net');
INSERT INTO `user` (`id`, `name`, `first_name`, `password`, `roles`, `card_pro`, `email`) VALUES (36, 'ipsum', 'Marcelle', '5e69a5255d781a6e04866c7fe8f45654393d400b', '', '4532807563923', 'muriel.moen@example.org');
INSERT INTO `user` (`id`, `name`, `first_name`, `password`, `roles`, `card_pro`, `email`) VALUES (37, 'dolorem', 'Cletus', '5881568f4a88dcb648cc88cbacd498fa15a37f0c', '', '349298140097707', 'donald30@example.net');
INSERT INTO `user` (`id`, `name`, `first_name`, `password`, `roles`, `card_pro`, `email`) VALUES (38, 'maxime', 'Caesar', '0e33a496e61e067ce00d1cb510e115c310420021', '', '5528799489348969', 'cory.abbott@example.org');
INSERT INTO `user` (`id`, `name`, `first_name`, `password`, `roles`, `card_pro`, `email`) VALUES (39, 'ea', 'Maud', '17c45eb980fe2481b1f827a7bb3e8e20d8c02f29', '', '4539272253214', 'vicky60@example.com');
INSERT INTO `user` (`id`, `name`, `first_name`, `password`, `roles`, `card_pro`, `email`) VALUES (40, 'minus', 'Jeanette', 'ae23d610cb52f3f14c875ca8671660ccb3742ac3', '', '5206512185211802', 'michelle.pouros@example.org');
INSERT INTO `user` (`id`, `name`, `first_name`, `password`, `roles`, `card_pro`, `email`) VALUES (41, 'consequatur', 'Tierra', '939b99d73098c614b587e7123d293b427a662c6c', '', '5458857212130482', 'lyric.hessel@example.net');
INSERT INTO `user` (`id`, `name`, `first_name`, `password`, `roles`, `card_pro`, `email`) VALUES (42, 'et', 'Tevin', 'ca7980901459f0d1a45620be0e1865cd49f2db71', '', '5519433767443800', 'parisian.torrance@example.org');
INSERT INTO `user` (`id`, `name`, `first_name`, `password`, `roles`, `card_pro`, `email`) VALUES (43, 'architecto', 'Vincenzo', '2a6373b8d5e052c50cdbd712137e14dde09b3ea9', '', '5351938744404609', 'pbarton@example.net');
INSERT INTO `user` (`id`, `name`, `first_name`, `password`, `roles`, `card_pro`, `email`) VALUES (44, 'expedita', 'Reta', '383dfa937bfc414d53a55040ee6d045ccda45e60', '', '5575643256714218', 'rodger.fahey@example.net');
INSERT INTO `user` (`id`, `name`, `first_name`, `password`, `roles`, `card_pro`, `email`) VALUES (45, 'sit', 'Mallie', '5b64a39a66658fdbe0a8070249110d9695100cbf', '', '5479181778296443', 'pankunding@example.net');
INSERT INTO `user` (`id`, `name`, `first_name`, `password`, `roles`, `card_pro`, `email`) VALUES (46, 'natus', 'Mariam', 'ece81f5897f711141f4c9b7e5d9a021e58587c45', '', '370696896633416', 'lgoyette@example.org');
INSERT INTO `user` (`id`, `name`, `first_name`, `password`, `roles`, `card_pro`, `email`) VALUES (47, 'molestiae', 'Sydnee', 'ea1a39a627f6a34e154b92609b28420fec3906c3', '', '4716188483922', 'herzog.macey@example.net');
INSERT INTO `user` (`id`, `name`, `first_name`, `password`, `roles`, `card_pro`, `email`) VALUES (48, 'autem', 'Mackenzie', '5946050003022e125e8715b9939ef06b646dbeb0', '', '4556617290723762', 'wlarkin@example.org');
INSERT INTO `user` (`id`, `name`, `first_name`, `password`, `roles`, `card_pro`, `email`) VALUES (49, 'libero', 'Lexus', '88d0ff12a81c29d07b0367fa257c31dbc562c28c', '', '5239096044151001', 'cschoen@example.com');
INSERT INTO `user` (`id`, `name`, `first_name`, `password`, `roles`, `card_pro`, `email`) VALUES (50, 'excepturi', 'Sebastian', '5c836fab6ad0fb270b5e40037628c8c6e2001a0e', '', '345014894445002', 'vanderson@example.net');





#
# TABLE STRUCTURE FOR: availability
#


INSERT INTO `availability` (`id`, `start`, `date_end`, `id_user_id`) VALUES (101, '1977-01-16 06:45:09', '2015-05-28 04:43:08', 3);
INSERT INTO `availability` (`id`, `start`, `date_end`, `id_user_id`) VALUES (102, '2014-08-04 22:18:08', '1974-04-11 16:06:58', 1);
INSERT INTO `availability` (`id`, `start`, `date_end`, `id_user_id`) VALUES (103, '2001-10-04 18:00:45', '1977-09-05 12:38:23', 9);
INSERT INTO `availability` (`id`, `start`, `date_end`, `id_user_id`) VALUES (104, '2015-06-06 23:31:47', '1989-12-16 09:07:11', 4);
INSERT INTO `availability` (`id`, `start`, `date_end`, `id_user_id`) VALUES (105, '1985-08-13 14:11:35', '1973-06-07 06:36:29', 1);
INSERT INTO `availability` (`id`, `start`, `date_end`, `id_user_id`) VALUES (106, '2019-12-31 19:54:40', '1997-07-02 23:09:31', 3);
INSERT INTO `availability` (`id`, `start`, `date_end`, `id_user_id`) VALUES (107, '1988-08-20 09:54:29', '1981-10-25 06:34:12', 5);
INSERT INTO `availability` (`id`, `start`, `date_end`, `id_user_id`) VALUES (108, '1991-05-09 20:41:56', '1974-08-08 02:18:10', 9);
INSERT INTO `availability` (`id`, `start`, `date_end`, `id_user_id`) VALUES (109, '2016-01-08 14:13:31', '2018-10-22 01:59:56', 7);
INSERT INTO `availability` (`id`, `start`, `date_end`, `id_user_id`) VALUES (110, '1994-06-17 01:41:51', '1979-06-04 00:30:03', 4);
INSERT INTO `availability` (`id`, `start`, `date_end`, `id_user_id`) VALUES (111, '1976-09-29 09:50:16', '1998-02-19 02:38:00', 9);
INSERT INTO `availability` (`id`, `start`, `date_end`, `id_user_id`) VALUES (112, '2016-12-12 21:27:04', '2019-06-22 01:39:11', 2);
INSERT INTO `availability` (`id`, `start`, `date_end`, `id_user_id`) VALUES (113, '1980-08-21 15:39:41', '1983-09-18 03:02:17', 9);
INSERT INTO `availability` (`id`, `start`, `date_end`, `id_user_id`) VALUES (114, '1975-09-11 21:07:04', '1999-05-25 13:34:43', 9);
INSERT INTO `availability` (`id`, `start`, `date_end`, `id_user_id`) VALUES (115, '2017-03-22 11:09:36', '2008-07-16 10:49:09', 2);
INSERT INTO `availability` (`id`, `start`, `date_end`, `id_user_id`) VALUES (116, '1978-01-09 22:04:43', '2016-02-21 20:20:43', 2);
INSERT INTO `availability` (`id`, `start`, `date_end`, `id_user_id`) VALUES (118, '1990-12-11 00:47:54', '2017-04-27 07:28:21', 8);
INSERT INTO `availability` (`id`, `start`, `date_end`, `id_user_id`) VALUES (119, '2011-10-28 01:24:40', '1999-03-03 06:28:17', 8);
INSERT INTO `availability` (`id`, `start`, `date_end`, `id_user_id`) VALUES (120, '2006-04-04 14:30:40', '1980-01-29 20:03:24', 9);
INSERT INTO `availability` (`id`, `start`, `date_end`, `id_user_id`) VALUES (121, '2007-12-23 19:53:52', '1976-10-04 16:43:22', 8);
INSERT INTO `availability` (`id`, `start`, `date_end`, `id_user_id`) VALUES (122, '1995-07-20 04:52:58', '1987-09-27 12:51:13', 9);
INSERT INTO `availability` (`id`, `start`, `date_end`, `id_user_id`) VALUES (124, '1970-11-19 13:25:13', '2017-04-16 06:28:58', 7);
INSERT INTO `availability` (`id`, `start`, `date_end`, `id_user_id`) VALUES (125, '2005-10-28 08:33:23', '1997-03-24 10:15:25', 7);
INSERT INTO `availability` (`id`, `start`, `date_end`, `id_user_id`) VALUES (126, '1993-05-23 06:12:26', '2017-05-04 02:54:06', 1);
INSERT INTO `availability` (`id`, `start`, `date_end`, `id_user_id`) VALUES (127, '2010-10-14 04:47:18', '2006-10-29 14:12:57', 9);
INSERT INTO `availability` (`id`, `start`, `date_end`, `id_user_id`) VALUES (128, '1977-09-15 08:59:56', '2007-11-23 08:39:22', 5);
INSERT INTO `availability` (`id`, `start`, `date_end`, `id_user_id`) VALUES (129, '1993-10-11 20:02:09', '1999-09-28 15:35:48', 9);
INSERT INTO `availability` (`id`, `start`, `date_end`, `id_user_id`) VALUES (130, '2003-03-15 14:16:52', '2001-04-21 04:30:14', 1);
INSERT INTO `availability` (`id`, `start`, `date_end`, `id_user_id`) VALUES (131, '2002-01-11 23:43:56', '1990-03-21 04:29:06', 5);
INSERT INTO `availability` (`id`, `start`, `date_end`, `id_user_id`) VALUES (132, '1971-04-01 14:55:10', '1984-10-22 08:54:07', 4);
INSERT INTO `availability` (`id`, `start`, `date_end`, `id_user_id`) VALUES (133, '2000-08-31 11:21:53', '1982-05-03 13:31:30', 6);
INSERT INTO `availability` (`id`, `start`, `date_end`, `id_user_id`) VALUES (135, '1977-06-26 13:27:43', '2016-08-21 19:08:38', 9);
INSERT INTO `availability` (`id`, `start`, `date_end`, `id_user_id`) VALUES (136, '1970-12-14 18:55:39', '1975-09-05 22:21:45', 7);
INSERT INTO `availability` (`id`, `start`, `date_end`, `id_user_id`) VALUES (137, '2006-12-17 14:09:10', '1977-04-08 20:43:04', 9);
INSERT INTO `availability` (`id`, `start`, `date_end`, `id_user_id`) VALUES (138, '2014-09-30 12:22:02', '2018-11-02 13:30:40', 8);
INSERT INTO `availability` (`id`, `start`, `date_end`, `id_user_id`) VALUES (139, '1979-02-19 12:11:17', '1979-03-24 09:42:43', 4);
INSERT INTO `availability` (`id`, `start`, `date_end`, `id_user_id`) VALUES (140, '2000-09-25 19:26:57', '1974-02-24 20:25:23', 3);
INSERT INTO `availability` (`id`, `start`, `date_end`, `id_user_id`) VALUES (141, '1986-09-16 22:28:45', '1994-12-16 11:27:30', 2);
INSERT INTO `availability` (`id`, `start`, `date_end`, `id_user_id`) VALUES (142, '2011-11-16 12:15:02', '1981-05-07 08:05:07', 1);
INSERT INTO `availability` (`id`, `start`, `date_end`, `id_user_id`) VALUES (143, '2000-05-28 00:48:55', '2007-05-14 15:18:27', 8);
INSERT INTO `availability` (`id`, `start`, `date_end`, `id_user_id`) VALUES (144, '1976-04-21 15:56:08', '2012-08-06 22:56:36', 1);
INSERT INTO `availability` (`id`, `start`, `date_end`, `id_user_id`) VALUES (145, '1988-12-16 16:17:26', '2018-01-09 19:05:12', 2);
INSERT INTO `availability` (`id`, `start`, `date_end`, `id_user_id`) VALUES (146, '2005-03-04 14:40:50', '1988-01-28 22:33:36', 2);
INSERT INTO `availability` (`id`, `start`, `date_end`, `id_user_id`) VALUES (147, '1991-10-11 18:16:18', '2011-04-18 00:55:02', 7);
INSERT INTO `availability` (`id`, `start`, `date_end`, `id_user_id`) VALUES (148, '2018-10-01 16:43:11', '1977-09-12 22:02:41', 1);
INSERT INTO `availability` (`id`, `start`, `date_end`, `id_user_id`) VALUES (149, '1993-05-16 08:40:37', '1972-10-14 11:15:51', 9);
INSERT INTO `availability` (`id`, `start`, `date_end`, `id_user_id`) VALUES (150, '2020-05-17 18:29:25', '2018-11-18 21:38:38', 5);
INSERT INTO `availability` (`id`, `start`, `date_end`, `id_user_id`) VALUES (151, '1997-05-05 21:43:12', '1980-04-02 04:54:18', 4);
INSERT INTO `availability` (`id`, `start`, `date_end`, `id_user_id`) VALUES (152, '1990-11-06 15:30:09', '2013-05-17 02:04:05', 9);
INSERT INTO `availability` (`id`, `start`, `date_end`, `id_user_id`) VALUES (153, '2001-05-07 09:15:40', '2017-01-10 01:49:45', 6);
INSERT INTO `availability` (`id`, `start`, `date_end`, `id_user_id`) VALUES (154, '2006-05-01 18:44:42', '2000-08-10 16:45:10', 1);
INSERT INTO `availability` (`id`, `start`, `date_end`, `id_user_id`) VALUES (155, '2016-10-28 23:28:53', '1991-03-28 05:33:29', 7);
INSERT INTO `availability` (`id`, `start`, `date_end`, `id_user_id`) VALUES (156, '2018-05-15 01:55:45', '1987-03-02 05:56:23', 6);
INSERT INTO `availability` (`id`, `start`, `date_end`, `id_user_id`) VALUES (157, '1994-09-22 12:19:27', '2015-09-23 14:29:00', 7);
INSERT INTO `availability` (`id`, `start`, `date_end`, `id_user_id`) VALUES (158, '1997-06-15 11:12:56', '1995-06-29 22:04:12', 7);
INSERT INTO `availability` (`id`, `start`, `date_end`, `id_user_id`) VALUES (159, '2016-08-08 05:19:10', '1976-08-26 21:49:18', 3);
INSERT INTO `availability` (`id`, `start`, `date_end`, `id_user_id`) VALUES (160, '2018-06-13 18:44:51', '2012-02-24 14:23:21', 1);
INSERT INTO `availability` (`id`, `start`, `date_end`, `id_user_id`) VALUES (161, '1982-01-31 03:18:37', '1993-09-27 06:09:38', 1);
INSERT INTO `availability` (`id`, `start`, `date_end`, `id_user_id`) VALUES (162, '1984-10-15 04:46:14', '1986-11-20 04:55:58', 3);
INSERT INTO `availability` (`id`, `start`, `date_end`, `id_user_id`) VALUES (163, '1981-06-13 08:39:39', '1995-12-26 19:59:56', 8);
INSERT INTO `availability` (`id`, `start`, `date_end`, `id_user_id`) VALUES (164, '1987-01-24 03:34:27', '2017-07-17 19:41:42', 2);
INSERT INTO `availability` (`id`, `start`, `date_end`, `id_user_id`) VALUES (165, '1972-07-21 17:23:25', '2003-04-17 08:00:34', 5);
INSERT INTO `availability` (`id`, `start`, `date_end`, `id_user_id`) VALUES (166, '2001-09-07 13:43:53', '1989-09-28 11:19:34', 8);
INSERT INTO `availability` (`id`, `start`, `date_end`, `id_user_id`) VALUES (167, '2015-08-05 02:40:27', '2009-02-01 08:25:59', 9);
INSERT INTO `availability` (`id`, `start`, `date_end`, `id_user_id`) VALUES (168, '2006-02-16 02:29:23', '1983-07-24 18:15:51', 6);
INSERT INTO `availability` (`id`, `start`, `date_end`, `id_user_id`) VALUES (169, '2010-12-11 17:53:41', '1977-01-30 10:37:47', 5);
INSERT INTO `availability` (`id`, `start`, `date_end`, `id_user_id`) VALUES (170, '2005-09-16 06:59:37', '1974-06-06 05:49:38', 3);
INSERT INTO `availability` (`id`, `start`, `date_end`, `id_user_id`) VALUES (171, '1988-01-16 16:53:55', '1992-06-02 19:46:12', 7);
INSERT INTO `availability` (`id`, `start`, `date_end`, `id_user_id`) VALUES (172, '1979-09-23 20:43:44', '1972-10-26 21:03:00', 6);
INSERT INTO `availability` (`id`, `start`, `date_end`, `id_user_id`) VALUES (173, '2014-04-28 22:59:28', '2007-08-30 23:19:28', 7);
INSERT INTO `availability` (`id`, `start`, `date_end`, `id_user_id`) VALUES (174, '1995-08-27 21:08:06', '2000-01-04 21:39:36', 2);
INSERT INTO `availability` (`id`, `start`, `date_end`, `id_user_id`) VALUES (175, '1975-03-24 03:31:11', '1989-01-22 09:57:48', 5);
INSERT INTO `availability` (`id`, `start`, `date_end`, `id_user_id`) VALUES (176, '1972-11-12 17:45:03', '2002-09-12 02:47:24', 3);
INSERT INTO `availability` (`id`, `start`, `date_end`, `id_user_id`) VALUES (177, '1988-01-19 09:30:42', '1986-04-19 11:24:20', 7);
INSERT INTO `availability` (`id`, `start`, `date_end`, `id_user_id`) VALUES (178, '1982-04-05 23:07:01', '1978-01-02 04:42:48', 6);
INSERT INTO `availability` (`id`, `start`, `date_end`, `id_user_id`) VALUES (179, '2011-06-08 00:15:57', '1992-05-16 02:56:11', 8);
INSERT INTO `availability` (`id`, `start`, `date_end`, `id_user_id`) VALUES (180, '1970-11-18 06:19:57', '2014-01-18 20:43:22', 5);
INSERT INTO `availability` (`id`, `start`, `date_end`, `id_user_id`) VALUES (181, '2004-10-03 03:48:33', '2005-12-22 13:19:50', 7);
INSERT INTO `availability` (`id`, `start`, `date_end`, `id_user_id`) VALUES (182, '1999-04-09 01:53:02', '2010-09-25 11:56:44', 4);
INSERT INTO `availability` (`id`, `start`, `date_end`, `id_user_id`) VALUES (183, '1988-04-08 05:10:57', '1977-03-04 18:56:47', 8);
INSERT INTO `availability` (`id`, `start`, `date_end`, `id_user_id`) VALUES (184, '1971-01-15 09:45:00', '1982-08-30 13:05:47', 9);
INSERT INTO `availability` (`id`, `start`, `date_end`, `id_user_id`) VALUES (186, '1984-04-10 19:57:45', '1985-05-04 08:06:33', 5);
INSERT INTO `availability` (`id`, `start`, `date_end`, `id_user_id`) VALUES (187, '1974-07-13 12:41:22', '1983-11-25 15:18:41', 1);
INSERT INTO `availability` (`id`, `start`, `date_end`, `id_user_id`) VALUES (189, '1983-05-19 17:11:24', '2016-11-06 16:37:42', 4);
INSERT INTO `availability` (`id`, `start`, `date_end`, `id_user_id`) VALUES (190, '2017-08-28 18:57:46', '2018-08-24 14:36:05', 9);
INSERT INTO `availability` (`id`, `start`, `date_end`, `id_user_id`) VALUES (191, '1982-07-02 21:30:44', '2018-03-29 14:21:11', 3);
INSERT INTO `availability` (`id`, `start`, `date_end`, `id_user_id`) VALUES (192, '2018-05-02 10:39:38', '1973-02-19 15:16:18', 2);
INSERT INTO `availability` (`id`, `start`, `date_end`, `id_user_id`) VALUES (193, '1984-02-02 11:45:07', '1978-01-02 13:25:47', 9);
INSERT INTO `availability` (`id`, `start`, `date_end`, `id_user_id`) VALUES (194, '1970-12-06 16:08:20', '2007-04-15 13:26:28', 2);
INSERT INTO `availability` (`id`, `start`, `date_end`, `id_user_id`) VALUES (195, '1985-09-28 18:00:34', '1974-04-29 06:50:05', 3);
INSERT INTO `availability` (`id`, `start`, `date_end`, `id_user_id`) VALUES (196, '1988-07-14 06:36:02', '1984-12-02 11:59:24', 7);
INSERT INTO `availability` (`id`, `start`, `date_end`, `id_user_id`) VALUES (197, '1987-05-27 19:33:34', '1996-11-15 13:22:00', 6);
INSERT INTO `availability` (`id`, `start`, `date_end`, `id_user_id`) VALUES (198, '2003-01-31 21:57:00', '1989-03-13 23:46:17', 7);
INSERT INTO `availability` (`id`, `start`, `date_end`, `id_user_id`) VALUES (199, '1997-05-24 17:04:53', '1997-03-13 23:49:13', 6);
INSERT INTO `availability` (`id`, `start`, `date_end`, `id_user_id`) VALUES (200, '2005-07-22 17:56:51', '2003-08-09 11:19:54', 4);




#
# TABLE STRUCTURE FOR: planning
#


INSERT INTO `planning` (`id`, `date_start`, `date_end`, `id_user_id`, `id_site_id`) VALUES (21, '1982-04-09 03:02:19', '2019-06-17 02:56:55', 9, 1);
INSERT INTO `planning` (`id`, `date_start`, `date_end`, `id_user_id`, `id_site_id`) VALUES (23, '1981-03-16 01:09:38', '2009-04-08 16:43:31', 8, 7);
INSERT INTO `planning` (`id`, `date_start`, `date_end`, `id_user_id`, `id_site_id`) VALUES (24, '2005-07-09 20:09:38', '1981-07-05 04:54:04', 8, 4);
INSERT INTO `planning` (`id`, `date_start`, `date_end`, `id_user_id`, `id_site_id`) VALUES (26, '1970-04-08 05:01:08', '1988-04-17 10:24:36', 1, 9);
INSERT INTO `planning` (`id`, `date_start`, `date_end`, `id_user_id`, `id_site_id`) VALUES (27, '1997-05-22 12:56:07', '2017-11-30 12:35:42', 8, 2);
INSERT INTO `planning` (`id`, `date_start`, `date_end`, `id_user_id`, `id_site_id`) VALUES (28, '1984-08-03 22:17:59', '1970-07-25 01:35:18', 5, 7);
INSERT INTO `planning` (`id`, `date_start`, `date_end`, `id_user_id`, `id_site_id`) VALUES (29, '2018-03-15 20:50:48', '1996-05-01 10:09:46', 3, 6);
INSERT INTO `planning` (`id`, `date_start`, `date_end`, `id_user_id`, `id_site_id`) VALUES (30, '2016-07-22 08:41:33', '2001-12-31 20:27:29', 7, 7);
INSERT INTO `planning` (`id`, `date_start`, `date_end`, `id_user_id`, `id_site_id`) VALUES (31, '1991-09-20 06:50:00', '2020-03-18 18:09:40', 7, 5);
INSERT INTO `planning` (`id`, `date_start`, `date_end`, `id_user_id`, `id_site_id`) VALUES (32, '1989-02-08 06:14:59', '1973-05-10 07:13:13', 2, 9);
INSERT INTO `planning` (`id`, `date_start`, `date_end`, `id_user_id`, `id_site_id`) VALUES (35, '1999-01-16 00:27:19', '2001-11-08 05:46:22', 5, 2);
INSERT INTO `planning` (`id`, `date_start`, `date_end`, `id_user_id`, `id_site_id`) VALUES (36, '1982-03-10 07:59:43', '1998-10-21 05:25:33', 1, 1);
INSERT INTO `planning` (`id`, `date_start`, `date_end`, `id_user_id`, `id_site_id`) VALUES (37, '1994-03-23 22:33:17', '1971-11-29 07:55:08', 4, 6);
INSERT INTO `planning` (`id`, `date_start`, `date_end`, `id_user_id`, `id_site_id`) VALUES (38, '2001-04-02 19:32:32', '2002-01-14 17:28:53', 6, 1);
INSERT INTO `planning` (`id`, `date_start`, `date_end`, `id_user_id`, `id_site_id`) VALUES (39, '1987-12-14 00:00:57', '1980-10-04 12:04:40', 4, 3);
INSERT INTO `planning` (`id`, `date_start`, `date_end`, `id_user_id`, `id_site_id`) VALUES (40, '1982-02-10 14:32:39', '2016-12-26 04:15:42', 5, 3);


#
# TABLE STRUCTURE FOR: report
#


INSERT INTO `report` (`id`, `title`, `created_at`, `description`, `id_user_id`, `id_site_id`, `image`) VALUES (12, 'Aut doloremque non sunt quia molestiae dolor aut.', '1997-03-14 01:21:01', 'Molestiae nihil eius aut. Accusantium nostrum aut fugiat dolor distinctio. Ducimus ut maxime atque temporibus autem tenetur aut. Ut ipsum esse dolorem adipisci earum alias dolores animi. Et dolore est ipsa quia autem aut non mollitia.', 1, 6, '9');
INSERT INTO `report` (`id`, `title`, `created_at`, `description`, `id_user_id`, `id_site_id`, `image`) VALUES (13, 'Maiores eum voluptas iste aut expedita sed ut commodi.', '2019-05-24 03:42:39', 'Dolore expedita porro et optio et ea. Beatae accusamus perferendis vel rerum. Dicta doloremque nisi nesciunt blanditiis fugit ea. Dolor qui non facilis alias reiciendis vel voluptates.', 7, 8, '9');
INSERT INTO `report` (`id`, `title`, `created_at`, `description`, `id_user_id`, `id_site_id`, `image`) VALUES (14, 'Itaque sit qui veniam voluptates voluptas ea sed.', '2013-06-14 01:37:32', 'Et aspernatur dolor aut nam accusantium. Rem exercitationem fugit eum. Repellat modi repellendus voluptatem sequi placeat est consequatur. Dolorum dolorum ut sapiente enim.', 3, 7, '4');
INSERT INTO `report` (`id`, `title`, `created_at`, `description`, `id_user_id`, `id_site_id`, `image`) VALUES (16, 'Iusto ea exercitationem atque numquam.', '2015-04-26 10:27:04', 'Ex voluptatem sunt nobis sint cumque animi quibusdam dolorem. Fugiat placeat perspiciatis tempore est dolores. Autem dolor facilis et voluptatem nobis.', 6, 4, '2');
INSERT INTO `report` (`id`, `title`, `created_at`, `description`, `id_user_id`, `id_site_id`, `image`) VALUES (17, 'Ex eligendi omnis dolores dignissimos est sapiente reiciendis.', '2011-02-26 16:48:42', 'Iste enim enim et error in harum. Est qui sequi iure vel consequatur accusamus officiis. Repellendus perspiciatis laborum est tempora. Consequuntur soluta quasi excepturi esse.', 3, 8, '7');
INSERT INTO `report` (`id`, `title`, `created_at`, `description`, `id_user_id`, `id_site_id`, `image`) VALUES (18, 'Dignissimos in et vero ut neque quis ea iure.', '2014-11-05 04:03:37', 'Rerum optio itaque atque optio magnam. Aut non nulla voluptatum asperiores ad voluptatem. Maxime nostrum quod ab eos vitae sunt. Et ut facilis et qui.', 9, 5, '8');
INSERT INTO `report` (`id`, `title`, `created_at`, `description`, `id_user_id`, `id_site_id`, `image`) VALUES (19, 'Laboriosam nobis quia in alias porro.', '1991-03-09 17:42:26', 'Voluptatem nihil esse sint neque. Sint repellendus qui debitis unde velit rerum. Aut cum illo excepturi voluptatem.', 3, 2, '9');
INSERT INTO `report` (`id`, `title`, `created_at`, `description`, `id_user_id`, `id_site_id`, `image`) VALUES (20, 'Temporibus cupiditate dolores et consequuntur.', '1980-05-22 04:39:29', 'Et velit ad blanditiis aut voluptas. Labore laborum inventore omnis quis excepturi recusandae.', 8, 2, '3');


#
# TABLE STRUCTURE FOR: service
#


INSERT INTO `service` (`id`, `date_start`, `type_service`, `lat`, `lng`, `id_user_id`) VALUES (21, '1995-11-02 14:32:44', '', '0.00000000', '0.00000000', 1);
INSERT INTO `service` (`id`, `date_start`, `type_service`, `lat`, `lng`, `id_user_id`) VALUES (22, '2001-06-09 17:53:29', '', '0.00000000', '0.00000000', 5);
INSERT INTO `service` (`id`, `date_start`, `type_service`, `lat`, `lng`, `id_user_id`) VALUES (23, '1985-08-24 23:52:35', '', '0.00000000', '0.00000000', 8);
INSERT INTO `service` (`id`, `date_start`, `type_service`, `lat`, `lng`, `id_user_id`) VALUES (25, '2007-06-25 09:22:16', '', '0.00000000', '0.00000000', 8);
INSERT INTO `service` (`id`, `date_start`, `type_service`, `lat`, `lng`, `id_user_id`) VALUES (26, '1992-01-10 15:14:07', '', '0.00000000', '0.00000000', 2);
INSERT INTO `service` (`id`, `date_start`, `type_service`, `lat`, `lng`, `id_user_id`) VALUES (27, '1989-07-26 03:35:25', '', '0.00000000', '0.00000000', 9);
INSERT INTO `service` (`id`, `date_start`, `type_service`, `lat`, `lng`, `id_user_id`) VALUES (28, '2018-11-22 20:03:55', '', '0.00000000', '0.00000000', 6);
INSERT INTO `service` (`id`, `date_start`, `type_service`, `lat`, `lng`, `id_user_id`) VALUES (29, '2009-05-22 16:43:56', '', '0.00000000', '0.00000000', 5);
INSERT INTO `service` (`id`, `date_start`, `type_service`, `lat`, `lng`, `id_user_id`) VALUES (30, '1985-01-20 12:45:52', '', '0.00000000', '0.00000000', 7);
INSERT INTO `service` (`id`, `date_start`, `type_service`, `lat`, `lng`, `id_user_id`) VALUES (31, '1987-06-02 23:08:37', '', '0.00000000', '0.00000000', 5);
INSERT INTO `service` (`id`, `date_start`, `type_service`, `lat`, `lng`, `id_user_id`) VALUES (32, '1990-07-07 13:42:21', '', '0.00000000', '0.00000000', 7);
INSERT INTO `service` (`id`, `date_start`, `type_service`, `lat`, `lng`, `id_user_id`) VALUES (33, '2000-09-27 07:47:04', '', '0.00000000', '0.00000000', 5);
INSERT INTO `service` (`id`, `date_start`, `type_service`, `lat`, `lng`, `id_user_id`) VALUES (34, '1974-11-15 08:04:57', '', '0.00000000', '0.00000000', 7);
INSERT INTO `service` (`id`, `date_start`, `type_service`, `lat`, `lng`, `id_user_id`) VALUES (36, '2012-08-05 19:47:00', '', '0.00000000', '0.00000000', 9);
INSERT INTO `service` (`id`, `date_start`, `type_service`, `lat`, `lng`, `id_user_id`) VALUES (37, '1989-07-21 08:40:18', '', '0.00000000', '0.00000000', 5);
INSERT INTO `service` (`id`, `date_start`, `type_service`, `lat`, `lng`, `id_user_id`) VALUES (38, '1970-08-12 16:46:33', '', '0.00000000', '0.00000000', 2);
INSERT INTO `service` (`id`, `date_start`, `type_service`, `lat`, `lng`, `id_user_id`) VALUES (39, '1979-01-10 11:49:42', '', '0.00000000', '0.00000000', 4);
INSERT INTO `service` (`id`, `date_start`, `type_service`, `lat`, `lng`, `id_user_id`) VALUES (40, '1982-03-21 06:13:30', '', '0.00000000', '0.00000000', 8);




