
#
# TABLE STRUCTURE FOR: site
#



INSERT INTO `site` (`id`, `name`, `street_number`, `street_name`, `building_name`, `post_code`, `city`) VALUES (1, 'a', 7521554, 'et', 'minus', 403, 'Crooksfort');
INSERT INTO `site` (`id`, `name`, `street_number`, `street_name`, `building_name`, `post_code`, `city`) VALUES (2, 'quaerat', 35229, 'quia', 'aut', 786, 'Port Lessie');
INSERT INTO `site` (`id`, `name`, `street_number`, `street_name`, `building_name`, `post_code`, `city`) VALUES (3, 'officia', 7391, 'veniam', 'quod', 703, 'Lake Maybell');
INSERT INTO `site` (`id`, `name`, `street_number`, `street_name`, `building_name`, `post_code`, `city`) VALUES (4, 'dolore', 0, 'qui', 'voluptatem', 543, 'Kleinmouth');
INSERT INTO `site` (`id`, `name`, `street_number`, `street_name`, `building_name`, `post_code`, `city`) VALUES (5, 'facilis', 8, 'placeat', 'sint', 594, 'Port Violamouth');
INSERT INTO `site` (`id`, `name`, `street_number`, `street_name`, `building_name`, `post_code`, `city`) VALUES (6, 'quaerat', 0, 'quod', 'quia', 629, 'Loweport');
INSERT INTO `site` (`id`, `name`, `street_number`, `street_name`, `building_name`, `post_code`, `city`) VALUES (7, 'repudiandae', 63602, 'sed', 'asperiores', 725, 'Leathaton');
INSERT INTO `site` (`id`, `name`, `street_number`, `street_name`, `building_name`, `post_code`, `city`) VALUES (8, 'molestiae', 0, 'cumque', 'occaecati', 16, 'Maximehaven');
INSERT INTO `site` (`id`, `name`, `street_number`, `street_name`, `building_name`, `post_code`, `city`) VALUES (9, 'magni', 80, 'error', 'asperiores', 954, 'Port Gustland');
INSERT INTO `site` (`id`, `name`, `street_number`, `street_name`, `building_name`, `post_code`, `city`) VALUES (10, 'deserunt', 571, 'iure', 'consequatur', 752, 'Josueborough');
INSERT INTO `site` (`id`, `name`, `street_number`, `street_name`, `building_name`, `post_code`, `city`) VALUES (11, 'molestiae', 79, 'vero', 'distinctio', 132, 'Anibalport');
INSERT INTO `site` (`id`, `name`, `street_number`, `street_name`, `building_name`, `post_code`, `city`) VALUES (12, 'et', 51, 'ducimus', 'natus', 997, 'Goodwinhaven');
INSERT INTO `site` (`id`, `name`, `street_number`, `street_name`, `building_name`, `post_code`, `city`) VALUES (13, 'maxime', 1921, 'iure', 'modi', 439, 'New Dejuanville');
INSERT INTO `site` (`id`, `name`, `street_number`, `street_name`, `building_name`, `post_code`, `city`) VALUES (14, 'voluptatem', 9098369, 'et', 'quaerat', 225, 'New Ettiehaven');
INSERT INTO `site` (`id`, `name`, `street_number`, `street_name`, `building_name`, `post_code`, `city`) VALUES (15, 'inventore', 83001705, 'est', 'dolor', 1, 'Einarshire');
INSERT INTO `site` (`id`, `name`, `street_number`, `street_name`, `building_name`, `post_code`, `city`) VALUES (16, 'quam', 39848, 'doloribus', 'deleniti', 840, 'East Erlington');
INSERT INTO `site` (`id`, `name`, `street_number`, `street_name`, `building_name`, `post_code`, `city`) VALUES (17, 'aut', 3, 'natus', 'quisquam', 483, 'Jacobimouth');
INSERT INTO `site` (`id`, `name`, `street_number`, `street_name`, `building_name`, `post_code`, `city`) VALUES (18, 'enim', 85796701, 'omnis', 'est', 464, 'Svenburgh');
INSERT INTO `site` (`id`, `name`, `street_number`, `street_name`, `building_name`, `post_code`, `city`) VALUES (19, 'saepe', 267687059, 'harum', 'quisquam', 582, 'Boyerstad');
INSERT INTO `site` (`id`, `name`, `street_number`, `street_name`, `building_name`, `post_code`, `city`) VALUES (20, 'mollitia', 88, 'laborum', 'illum', 533, 'North Howardland');
INSERT INTO `site` (`id`, `name`, `street_number`, `street_name`, `building_name`, `post_code`, `city`) VALUES (21, 'sint', 42619897, 'impedit', 'vel', 232, 'Hillsside');
INSERT INTO `site` (`id`, `name`, `street_number`, `street_name`, `building_name`, `post_code`, `city`) VALUES (22, 'doloribus', 2, 'quod', 'cupiditate', 869, 'New Brockside');
INSERT INTO `site` (`id`, `name`, `street_number`, `street_name`, `building_name`, `post_code`, `city`) VALUES (23, 'dolores', 0, 'ad', 'sit', 564, 'Gilbertview');
INSERT INTO `site` (`id`, `name`, `street_number`, `street_name`, `building_name`, `post_code`, `city`) VALUES (24, 'enim', 4782, 'veniam', 'occaecati', 448, 'Port Edythe');
INSERT INTO `site` (`id`, `name`, `street_number`, `street_name`, `building_name`, `post_code`, `city`) VALUES (25, 'quia', 7563704, 'impedit', 'sequi', 227, 'West Justina');
INSERT INTO `site` (`id`, `name`, `street_number`, `street_name`, `building_name`, `post_code`, `city`) VALUES (26, 'dolorum', 0, 'molestiae', 'cumque', 990, 'Lake Marcstad');
INSERT INTO `site` (`id`, `name`, `street_number`, `street_name`, `building_name`, `post_code`, `city`) VALUES (27, 'quibusdam', 40522, 'laborum', 'rerum', 310, 'Schultzmouth');
INSERT INTO `site` (`id`, `name`, `street_number`, `street_name`, `building_name`, `post_code`, `city`) VALUES (28, 'odit', 1072, 'voluptas', 'voluptas', 754, 'Lake Mozelleshire');
INSERT INTO `site` (`id`, `name`, `street_number`, `street_name`, `building_name`, `post_code`, `city`) VALUES (29, 'nisi', 4, 'debitis', 'nihil', 79, 'New Erafurt');
INSERT INTO `site` (`id`, `name`, `street_number`, `street_name`, `building_name`, `post_code`, `city`) VALUES (30, 'et', 390855, 'dolores', 'dicta', 362, 'Antoinetteside');
INSERT INTO `site` (`id`, `name`, `street_number`, `street_name`, `building_name`, `post_code`, `city`) VALUES (31, 'quia', 0, 'blanditiis', 'odit', 75, 'Ernestinaberg');
INSERT INTO `site` (`id`, `name`, `street_number`, `street_name`, `building_name`, `post_code`, `city`) VALUES (32, 'a', 4858, 'explicabo', 'pariatur', 570, 'Carrolltown');
INSERT INTO `site` (`id`, `name`, `street_number`, `street_name`, `building_name`, `post_code`, `city`) VALUES (33, 'eaque', 466484, 'aut', 'ut', 873, 'Kilbackton');
INSERT INTO `site` (`id`, `name`, `street_number`, `street_name`, `building_name`, `post_code`, `city`) VALUES (34, 'ullam', 672, 'vitae', 'fugit', 683, 'Sydniton');
INSERT INTO `site` (`id`, `name`, `street_number`, `street_name`, `building_name`, `post_code`, `city`) VALUES (35, 'nemo', 2328, 'omnis', 'eaque', 172, 'Gottliebfurt');
INSERT INTO `site` (`id`, `name`, `street_number`, `street_name`, `building_name`, `post_code`, `city`) VALUES (36, 'velit', 0, 'eligendi', 'unde', 564, 'South Wilton');
INSERT INTO `site` (`id`, `name`, `street_number`, `street_name`, `building_name`, `post_code`, `city`) VALUES (37, 'expedita', 45468844, 'a', 'aut', 242, 'Larissachester');
INSERT INTO `site` (`id`, `name`, `street_number`, `street_name`, `building_name`, `post_code`, `city`) VALUES (38, 'asperiores', 753885006, 'atque', 'aliquam', 653, 'North Aliza');
INSERT INTO `site` (`id`, `name`, `street_number`, `street_name`, `building_name`, `post_code`, `city`) VALUES (39, 'aut', 49727240, 'non', 'voluptatem', 826, 'North Cristobaltown');
INSERT INTO `site` (`id`, `name`, `street_number`, `street_name`, `building_name`, `post_code`, `city`) VALUES (40, 'et', 194656, 'vero', 'officiis', 879, 'Paoloshire');
INSERT INTO `site` (`id`, `name`, `street_number`, `street_name`, `building_name`, `post_code`, `city`) VALUES (41, 'eum', 86669760, 'deserunt', 'et', 483, 'New Cheyanneside');
INSERT INTO `site` (`id`, `name`, `street_number`, `street_name`, `building_name`, `post_code`, `city`) VALUES (42, 'eum', 8, 'nemo', 'nihil', 785, 'New Gerrystad');
INSERT INTO `site` (`id`, `name`, `street_number`, `street_name`, `building_name`, `post_code`, `city`) VALUES (43, 'eius', 324, 'rerum', 'totam', 863, 'Johnstonbury');
INSERT INTO `site` (`id`, `name`, `street_number`, `street_name`, `building_name`, `post_code`, `city`) VALUES (44, 'est', 84, 'ipsum', 'excepturi', 948, 'Lake Mavis');
INSERT INTO `site` (`id`, `name`, `street_number`, `street_name`, `building_name`, `post_code`, `city`) VALUES (45, 'libero', 24924121, 'veritatis', 'itaque', 350, 'Braxtonmouth');
INSERT INTO `site` (`id`, `name`, `street_number`, `street_name`, `building_name`, `post_code`, `city`) VALUES (46, 'ut', 0, 'optio', 'incidunt', 947, 'Kunzeborough');
INSERT INTO `site` (`id`, `name`, `street_number`, `street_name`, `building_name`, `post_code`, `city`) VALUES (47, 'vel', 153217, 'non', 'asperiores', 744, 'Carolynborough');
INSERT INTO `site` (`id`, `name`, `street_number`, `street_name`, `building_name`, `post_code`, `city`) VALUES (48, 'corporis', 868323616, 'et', 'ipsa', 50, 'Micheleside');
INSERT INTO `site` (`id`, `name`, `street_number`, `street_name`, `building_name`, `post_code`, `city`) VALUES (49, 'fugit', 7302, 'quia', 'dolor', 289, 'Sporermouth');
INSERT INTO `site` (`id`, `name`, `street_number`, `street_name`, `building_name`, `post_code`, `city`) VALUES (50, 'id', 83, 'occaecati', 'et', 889, 'Port Onaburgh');


#
# TABLE STRUCTURE FOR: user
#



INSERT INTO `user` (`id`, `name`, `first_name`, `password`, `role`, `card_pro`) VALUES (1, 'ad', 'Maida', '7ffe0c85ff2f64208bc24e27c2778c1a6e5c783b', '', '5173339301848311');
INSERT INTO `user` (`id`, `name`, `first_name`, `password`, `role`, `card_pro`) VALUES (2, 'magnam', 'Ethan', '583a93500c5f3fd4fd524b1865094e4c69e3b495', '', '5227524341643409');
INSERT INTO `user` (`id`, `name`, `first_name`, `password`, `role`, `card_pro`) VALUES (3, 'et', 'Lavina', '60ba68eec9a3ac311d9db69755695203c6612fbb', '', '5589065971530164');
INSERT INTO `user` (`id`, `name`, `first_name`, `password`, `role`, `card_pro`) VALUES (4, 'voluptatem', 'Werner', '64b50c512efac5c7719864f2fea1d76307234064', '', '5486533764937963');
INSERT INTO `user` (`id`, `name`, `first_name`, `password`, `role`, `card_pro`) VALUES (5, 'enim', 'Hugh', '51868065d1f34b3d2a12025146f10135af2e4bf6', '', '4929449253176');
INSERT INTO `user` (`id`, `name`, `first_name`, `password`, `role`, `card_pro`) VALUES (6, 'hic', 'Trinity', '3936db8571f9e398be67cca5871e933393783e8d', '', '349576393843781');
INSERT INTO `user` (`id`, `name`, `first_name`, `password`, `role`, `card_pro`) VALUES (7, 'qui', 'Reuben', '432059fdf672ba41cc4f9f2d89f7e0e12c7251ae', '', '379793444739840');
INSERT INTO `user` (`id`, `name`, `first_name`, `password`, `role`, `card_pro`) VALUES (8, 'nihil', 'Fatima', 'f53678c929b999b51952532f665331284305fcf2', '', '349739218724311');
INSERT INTO `user` (`id`, `name`, `first_name`, `password`, `role`, `card_pro`) VALUES (9, 'et', 'Destiney', '2877a63a34c41088c6902b9d19b74aaf99950767', '', '5553846813403567');
INSERT INTO `user` (`id`, `name`, `first_name`, `password`, `role`, `card_pro`) VALUES (10, 'sapiente', 'Charity', 'fe874342fb4b90d75900c07a863d775fdca9d645', '', '5125992186769174');
INSERT INTO `user` (`id`, `name`, `first_name`, `password`, `role`, `card_pro`) VALUES (11, 'similique', 'Chadd', '5e55ee9738b8c171502c7770abb167c47d981fc2', '', '5279694974153187');
INSERT INTO `user` (`id`, `name`, `first_name`, `password`, `role`, `card_pro`) VALUES (12, 'inventore', 'Darian', 'cadac1f867450b386ba3be795dc5ded72868dadb', '', '4906520331841283');
INSERT INTO `user` (`id`, `name`, `first_name`, `password`, `role`, `card_pro`) VALUES (13, 'facilis', 'Jaleel', 'bad353313a41f7a9c81ee37bbaab4c361db3e374', '', '341666575778454');
INSERT INTO `user` (`id`, `name`, `first_name`, `password`, `role`, `card_pro`) VALUES (14, 'molestiae', 'Claude', '1f339acda600a5d41e8fd7dd85aca9a4795e8ff7', '', '374445196219498');
INSERT INTO `user` (`id`, `name`, `first_name`, `password`, `role`, `card_pro`) VALUES (15, 'mollitia', 'Jimmie', '9e21508a21f12aeb6413aa45a2d1ecc3c5f63337', '', '5448366840544732');
INSERT INTO `user` (`id`, `name`, `first_name`, `password`, `role`, `card_pro`) VALUES (16, 'est', 'Alycia', '6e3f44fc43542d6b3b79b1be9da2e6caa95c6a5b', '', '349078100163695');
INSERT INTO `user` (`id`, `name`, `first_name`, `password`, `role`, `card_pro`) VALUES (17, 'sit', 'Wanda', 'eefd56ea4c96b1b3bb430507f7ae2259e76c94de', '', '5321470159999594');
INSERT INTO `user` (`id`, `name`, `first_name`, `password`, `role`, `card_pro`) VALUES (18, 'odio', 'Julio', '4eb7e05a5268201c11ab4a1f140316ed05cbb18f', '', '4929617744477155');
INSERT INTO `user` (`id`, `name`, `first_name`, `password`, `role`, `card_pro`) VALUES (19, 'rerum', 'Mafalda', '71571003addf607772e06e38ad91fa9f7629e508', '', '4929923020861');
INSERT INTO `user` (`id`, `name`, `first_name`, `password`, `role`, `card_pro`) VALUES (20, 'placeat', 'Aliyah', '4329a5032f67e78ad97e54a64007e833f38eb958', '', '4502201320639');
INSERT INTO `user` (`id`, `name`, `first_name`, `password`, `role`, `card_pro`) VALUES (21, 'exercitationem', 'Margarete', '83b865c1f068db3add093bc7ae88230e8aae72be', '', '4556340050848295');
INSERT INTO `user` (`id`, `name`, `first_name`, `password`, `role`, `card_pro`) VALUES (22, 'facilis', 'Arlie', '51e8f3989c076b66c6715be5adb1ca63ae63b2d6', '', '5198863292293204');
INSERT INTO `user` (`id`, `name`, `first_name`, `password`, `role`, `card_pro`) VALUES (23, 'iste', 'Roderick', 'f630dcb659e900355b3db1d4a7a97cd5eb46d6c1', '', '5250512753743849');
INSERT INTO `user` (`id`, `name`, `first_name`, `password`, `role`, `card_pro`) VALUES (24, 'nisi', 'Fredy', 'af9e5fe5eeee749715c8c14749c885c523c65eee', '', '4716583147568902');
INSERT INTO `user` (`id`, `name`, `first_name`, `password`, `role`, `card_pro`) VALUES (25, 'minima', 'Ivah', 'da4b49e44a570bdea5bd01b338356f6aedd3b19b', '', '4929856588603710');
INSERT INTO `user` (`id`, `name`, `first_name`, `password`, `role`, `card_pro`) VALUES (26, 'ullam', 'Alfred', '68d485883e7f22dd48bd703d2123211d9ba1dcd7', '', '5517483279784698');
INSERT INTO `user` (`id`, `name`, `first_name`, `password`, `role`, `card_pro`) VALUES (27, 'ea', 'Joel', '5633eaaa73523ae4994962ddd858cf20a5be09d0', '', '4539555835962019');
INSERT INTO `user` (`id`, `name`, `first_name`, `password`, `role`, `card_pro`) VALUES (28, 'explicabo', 'Emory', 'e211125e3ce4efec5ec0c748da69c6b37408252e', '', '5560163801606794');
INSERT INTO `user` (`id`, `name`, `first_name`, `password`, `role`, `card_pro`) VALUES (29, 'asperiores', 'Danika', '74009fdd216b1b1f282f81bf2d702355c8436ad4', '', '5243616429057325');
INSERT INTO `user` (`id`, `name`, `first_name`, `password`, `role`, `card_pro`) VALUES (30, 'rem', 'Jayda', 'f4ffb936b6021589d846f79b2ff46b5ed3010392', '', '4532337435511952');
INSERT INTO `user` (`id`, `name`, `first_name`, `password`, `role`, `card_pro`) VALUES (31, 'explicabo', 'Leila', 'e70628db9f166a1d6609f0d771ae97605a366e85', '', '346257965415296');
INSERT INTO `user` (`id`, `name`, `first_name`, `password`, `role`, `card_pro`) VALUES (32, 'voluptas', 'Maud', '7c4bbdffc759fb292c6f47a4456a6210b95e59ed', '', '4916662446717');
INSERT INTO `user` (`id`, `name`, `first_name`, `password`, `role`, `card_pro`) VALUES (33, 'quia', 'Allison', '3425b4d9d4c37311cff38abf696fb2e28f96ef68', '', '4465882562385293');
INSERT INTO `user` (`id`, `name`, `first_name`, `password`, `role`, `card_pro`) VALUES (34, 'maiores', 'Evelyn', '34c01f50e9808dcf8b8a518bafacc62806b7d243', '', '4716562955863335');
INSERT INTO `user` (`id`, `name`, `first_name`, `password`, `role`, `card_pro`) VALUES (35, 'incidunt', 'Hellen', 'bfb6996879b1f5432025853229981c45538a8852', '', '4539693785109229');
INSERT INTO `user` (`id`, `name`, `first_name`, `password`, `role`, `card_pro`) VALUES (36, 'rerum', 'Ada', 'e0c8e7588960aac5f0844549ff2991dd657ec1f8', '', '4532465846821');
INSERT INTO `user` (`id`, `name`, `first_name`, `password`, `role`, `card_pro`) VALUES (37, 'quam', 'Tyrell', '8b4db126d9a50275130aaae447b064b0acb63ba3', '', '5380096884351526');
INSERT INTO `user` (`id`, `name`, `first_name`, `password`, `role`, `card_pro`) VALUES (38, 'sapiente', 'Makayla', 'fad7d389f21da923bebbf1c14a44b6207bae511a', '', '4929041831253');
INSERT INTO `user` (`id`, `name`, `first_name`, `password`, `role`, `card_pro`) VALUES (39, 'nemo', 'Dovie', 'c5f14537dc97a4d0d3bd22c68d2b5cd4dc4fb56c', '', '4716557744116');
INSERT INTO `user` (`id`, `name`, `first_name`, `password`, `role`, `card_pro`) VALUES (40, 'omnis', 'Serenity', '30f60219e56040ea830e0ba93d091915ddfed6d2', '', '4916675601822064');
INSERT INTO `user` (`id`, `name`, `first_name`, `password`, `role`, `card_pro`) VALUES (41, 'dolorum', 'Susan', '4cd46e016fcc47b6f0137bca8bda77da7c8e0b18', '', '5346136398329521');
INSERT INTO `user` (`id`, `name`, `first_name`, `password`, `role`, `card_pro`) VALUES (42, 'et', 'Mariana', '37e73b1e18ac3ee6e3c441dd6cdc490183676e9a', '', '6011640135390146');
INSERT INTO `user` (`id`, `name`, `first_name`, `password`, `role`, `card_pro`) VALUES (43, 'vero', 'Antonette', '3c734b69170b1efe0a2d456e26b4d5c6d42e5f27', '', '5587107234973286');
INSERT INTO `user` (`id`, `name`, `first_name`, `password`, `role`, `card_pro`) VALUES (44, 'nihil', 'Alize', '81fc98b5baff34bddbe2074996a47206bd4a65aa', '', '5589695304703373');
INSERT INTO `user` (`id`, `name`, `first_name`, `password`, `role`, `card_pro`) VALUES (45, 'eius', 'Althea', 'f8c97001de97247558f10fbb0bb10d41130e07b4', '', '342256389723633');
INSERT INTO `user` (`id`, `name`, `first_name`, `password`, `role`, `card_pro`) VALUES (46, 'quaerat', 'Else', '9e595d9aa8fc1a97513794d80099070bec10bffc', '', '4266492499315213');
INSERT INTO `user` (`id`, `name`, `first_name`, `password`, `role`, `card_pro`) VALUES (47, 'repellendus', 'Saul', '201e6ddbcdcc89f4e6b8ea2d0a8d4239be3a0d35', '', '4916648616619');
INSERT INTO `user` (`id`, `name`, `first_name`, `password`, `role`, `card_pro`) VALUES (48, 'sequi', 'Penelope', '7bf0ff93b86cd2763ee7cd10827081c08e4b9bb8', '', '4485686540622049');
INSERT INTO `user` (`id`, `name`, `first_name`, `password`, `role`, `card_pro`) VALUES (49, 'dolorem', 'Lexi', 'be0c1cc695f2da74ab90285a88ccb298cabb7cd0', '', '348106426633478');
INSERT INTO `user` (`id`, `name`, `first_name`, `password`, `role`, `card_pro`) VALUES (50, 'delectus', 'Zackery', '44147f24700ae8b5a9d28cf7e777e6d4cc776ded', '', '5324062316623396');
INSERT INTO `user` (`id`, `name`, `first_name`, `password`, `role`, `card_pro`) VALUES (51, 'aut', 'Trisha', '896a7f9aed4e885e4a3d3a595b4eb95a0db8539d', '', '4586734478061741');
INSERT INTO `user` (`id`, `name`, `first_name`, `password`, `role`, `card_pro`) VALUES (52, 'et', 'Colton', '995293a7419c9fd4238e5dcca1bef6365e7db06f', '', '5114061925637654');
INSERT INTO `user` (`id`, `name`, `first_name`, `password`, `role`, `card_pro`) VALUES (53, 'sit', 'Rodrick', 'cbaa0abcb74bc6061cce51522f4a8d684f04dbcb', '', '4716915476542056');
INSERT INTO `user` (`id`, `name`, `first_name`, `password`, `role`, `card_pro`) VALUES (54, 'ea', 'Amara', '380c031e8e527cb585ebf73337973705c2327466', '', '340228905042898');
INSERT INTO `user` (`id`, `name`, `first_name`, `password`, `role`, `card_pro`) VALUES (55, 'fugiat', 'Humberto', '87742a1f05e40f7de9939c8ac4129edc253cd50d', '', '4024007101383');
INSERT INTO `user` (`id`, `name`, `first_name`, `password`, `role`, `card_pro`) VALUES (56, 'quia', 'Valentina', '6f0dcc6267c46b698468c7ac0b924db7f4e58b24', '', '5383439759584729');
INSERT INTO `user` (`id`, `name`, `first_name`, `password`, `role`, `card_pro`) VALUES (57, 'doloremque', 'Ottis', 'c7434935c658c4d3086ce1edd928df22788cd8be', '', '6011392839697198');
INSERT INTO `user` (`id`, `name`, `first_name`, `password`, `role`, `card_pro`) VALUES (58, 'nostrum', 'Rebekah', '74c576a0d527c8170401e5ba03bd9c1f8be5f44d', '', '4716409183896');
INSERT INTO `user` (`id`, `name`, `first_name`, `password`, `role`, `card_pro`) VALUES (59, 'sit', 'Cristina', '83ff5f0b0ff06ff125e362a33b265d11c379326b', '', '4485792538317895');
INSERT INTO `user` (`id`, `name`, `first_name`, `password`, `role`, `card_pro`) VALUES (60, 'nesciunt', 'Lafayette', 'cc4a236888cbe664bc6cbf8ac6bff52ae8ca9fe3', '', '6011170105701442');
INSERT INTO `user` (`id`, `name`, `first_name`, `password`, `role`, `card_pro`) VALUES (61, 'necessitatibus', 'Mario', '7d994d63fedf485f10dc2c58e6e87b10ab09fe75', '', '4532300125195');
INSERT INTO `user` (`id`, `name`, `first_name`, `password`, `role`, `card_pro`) VALUES (62, 'iusto', 'Jacky', '3f2a3233d5493ebf1cefc6fff1142729351c9b7a', '', '4539598907583');
INSERT INTO `user` (`id`, `name`, `first_name`, `password`, `role`, `card_pro`) VALUES (63, 'incidunt', 'Anabelle', '1f29d8738c642d164f5add1421737adc9b41b9c7', '', '4809589532495153');
INSERT INTO `user` (`id`, `name`, `first_name`, `password`, `role`, `card_pro`) VALUES (64, 'quia', 'Sherman', '0460a94c19204f19c72c2b63cabfe1304420c7f9', '', '5554084837823858');
INSERT INTO `user` (`id`, `name`, `first_name`, `password`, `role`, `card_pro`) VALUES (65, 'unde', 'Virgil', '67d1c1389256c8c7c3fbaf92ff3af9dcdb47386f', '', '4532762133357');
INSERT INTO `user` (`id`, `name`, `first_name`, `password`, `role`, `card_pro`) VALUES (66, 'in', 'Jonatan', '4e362df1db7d36ad75595eda33940cfc3323c2b0', '', '5120880445417132');
INSERT INTO `user` (`id`, `name`, `first_name`, `password`, `role`, `card_pro`) VALUES (67, 'aliquam', 'Alanna', 'e4a8c5ef9ad170277514c2e738d51703eed55fe5', '', '4916405336660060');
INSERT INTO `user` (`id`, `name`, `first_name`, `password`, `role`, `card_pro`) VALUES (68, 'reprehenderit', 'Reed', '5cbe0a88d42c2a1e8f690f55ef9aef8bc83467bf', '', '4716774161795');
INSERT INTO `user` (`id`, `name`, `first_name`, `password`, `role`, `card_pro`) VALUES (69, 'quo', 'Rhiannon', '24bb288eae413edaf84de4b7893ffa0ec89e7534', '', '5407005629149044');
INSERT INTO `user` (`id`, `name`, `first_name`, `password`, `role`, `card_pro`) VALUES (70, 'ut', 'Duane', 'de83ea8476c2d80077341ee6a2934d623864be7c', '', '4929071939940');
INSERT INTO `user` (`id`, `name`, `first_name`, `password`, `role`, `card_pro`) VALUES (71, 'possimus', 'Evie', 'f7dacf732220dba8f2b80e23fea894e3f91510b1', '', '343183048888900');
INSERT INTO `user` (`id`, `name`, `first_name`, `password`, `role`, `card_pro`) VALUES (72, 'laboriosam', 'Caterina', '1305f8e6423be8cf88f04e83d5f8adb1d36cabf4', '', '4539920289366');
INSERT INTO `user` (`id`, `name`, `first_name`, `password`, `role`, `card_pro`) VALUES (73, 'ut', 'Reymundo', '0bdd371837dd4860c756abd257b7c9ecfa579ab9', '', '340115942522918');
INSERT INTO `user` (`id`, `name`, `first_name`, `password`, `role`, `card_pro`) VALUES (74, 'dolorem', 'Lazaro', '11be88a310b5d08a891b3cbf24645e4b1b71825f', '', '6011758614030497');
INSERT INTO `user` (`id`, `name`, `first_name`, `password`, `role`, `card_pro`) VALUES (75, 'fuga', 'Fermin', '6d715516d69124e0f2c78419afffcac731207f1d', '', '4929296342659450');
INSERT INTO `user` (`id`, `name`, `first_name`, `password`, `role`, `card_pro`) VALUES (76, 'ducimus', 'Chelsea', 'cc0aa19c1eb19fbd552e9e935b8b988f785262ee', '', '4916319477564409');
INSERT INTO `user` (`id`, `name`, `first_name`, `password`, `role`, `card_pro`) VALUES (77, 'illo', 'Fern', '5607ffbb2cb3d1532d2e8a29168180506223a4a5', '', '342386326567574');
INSERT INTO `user` (`id`, `name`, `first_name`, `password`, `role`, `card_pro`) VALUES (78, 'id', 'Tierra', 'b00edbc370eb43ef7f223e4c33a1c6367f25e5be', '', '4716452705312762');
INSERT INTO `user` (`id`, `name`, `first_name`, `password`, `role`, `card_pro`) VALUES (79, 'sequi', 'Woodrow', 'c69a7bb483384fe7c75e0c8d110683406c47cc4e', '', '4539385906096');
INSERT INTO `user` (`id`, `name`, `first_name`, `password`, `role`, `card_pro`) VALUES (80, 'architecto', 'Danika', 'd999ce79e98a1cc91f69af8fece99be5fa37d454', '', '5162716003164633');
INSERT INTO `user` (`id`, `name`, `first_name`, `password`, `role`, `card_pro`) VALUES (81, 'dolore', 'Claire', '5b2ab1056ca199d561298a905f33887b871607b2', '', '379622109548271');
INSERT INTO `user` (`id`, `name`, `first_name`, `password`, `role`, `card_pro`) VALUES (82, 'nisi', 'Bernadette', '34a8f63e7aba216bdf2491266245a9851396dc24', '', '5224179434155980');
INSERT INTO `user` (`id`, `name`, `first_name`, `password`, `role`, `card_pro`) VALUES (83, 'eum', 'Gerry', 'b7701c2edfc32719d4e0e3af90bb586a385d1d6f', '', '5558802756993132');
INSERT INTO `user` (`id`, `name`, `first_name`, `password`, `role`, `card_pro`) VALUES (84, 'voluptate', 'Clark', 'fb3d5919b75f77909b9279f71cfd1809bca54648', '', '4929310030218139');
INSERT INTO `user` (`id`, `name`, `first_name`, `password`, `role`, `card_pro`) VALUES (85, 'nesciunt', 'Reynold', '227c5a1fd84d578a8e59545348716e029947d81f', '', '5292376330849288');
INSERT INTO `user` (`id`, `name`, `first_name`, `password`, `role`, `card_pro`) VALUES (86, 'quaerat', 'Marcella', 'ccc763d8c4abeaf2a3a87198298a7d56e2d28bea', '', '5142357860434369');
INSERT INTO `user` (`id`, `name`, `first_name`, `password`, `role`, `card_pro`) VALUES (87, 'dolor', 'Edgardo', '104bdf277d7e734bc42a3c9340aa2031285985dd', '', '5174920057159399');
INSERT INTO `user` (`id`, `name`, `first_name`, `password`, `role`, `card_pro`) VALUES (88, 'pariatur', 'Arden', '3207cb02b31f0cd2063bcc710201759f73be9e1d', '', '344976297217080');
INSERT INTO `user` (`id`, `name`, `first_name`, `password`, `role`, `card_pro`) VALUES (89, 'eum', 'Salvatore', 'fd87900c74dd73c8949323f56ec641a205883e0b', '', '6011932555186803');
INSERT INTO `user` (`id`, `name`, `first_name`, `password`, `role`, `card_pro`) VALUES (90, 'eos', 'Marcelino', '57837219bcb72de57c11ccf75ec4dbdadd9800d8', '', '5194984875304432');
INSERT INTO `user` (`id`, `name`, `first_name`, `password`, `role`, `card_pro`) VALUES (91, 'cum', 'Helena', '4d1ce461e9894540609f054b1f3dbf7fe99afb7b', '', '4532945959473399');
INSERT INTO `user` (`id`, `name`, `first_name`, `password`, `role`, `card_pro`) VALUES (92, 'mollitia', 'Alvah', 'a3df16882fd8406c28f62434aeb16fedc2f1b138', '', '6011246458222487');
INSERT INTO `user` (`id`, `name`, `first_name`, `password`, `role`, `card_pro`) VALUES (93, 'est', 'Ambrose', 'bc99a0d28703b5ebc80481ea0a67480499fdfefb', '', '374543108553050');
INSERT INTO `user` (`id`, `name`, `first_name`, `password`, `role`, `card_pro`) VALUES (94, 'quaerat', 'Ana', '4f6ad7075b5cf45464005fda935055e16d41ad19', '', '5430721228845964');
INSERT INTO `user` (`id`, `name`, `first_name`, `password`, `role`, `card_pro`) VALUES (95, 'beatae', 'Vilma', 'eedce26f63f586099baf0406d047143e3aba6bd5', '', '6011795399491161');
INSERT INTO `user` (`id`, `name`, `first_name`, `password`, `role`, `card_pro`) VALUES (96, 'voluptatem', 'Lynn', '7e41bef7ab2367bfaa40a04fe907edac33d44337', '', '5246666498398192');
INSERT INTO `user` (`id`, `name`, `first_name`, `password`, `role`, `card_pro`) VALUES (97, 'praesentium', 'Natasha', '5890dee9dd5070c3d08f5335e9bceca042a2e49c', '', '5469163271923928');
INSERT INTO `user` (`id`, `name`, `first_name`, `password`, `role`, `card_pro`) VALUES (98, 'impedit', 'Una', '527b5d8e105768a752d2e7c6ada5badcc41c22ca', '', '4877661347354');
INSERT INTO `user` (`id`, `name`, `first_name`, `password`, `role`, `card_pro`) VALUES (99, 'et', 'Vernon', '52ef1bead94d9085946bca263388801c3d177b5b', '', '5404794641355492');
INSERT INTO `user` (`id`, `name`, `first_name`, `password`, `role`, `card_pro`) VALUES (100, 'odit', 'Otho', '788f8a93e384cfd5575b9bdd37a07b164d75e6e5', '', '371319172068911');




#
# TABLE STRUCTURE FOR: availability
#


INSERT INTO `availability` (`id`, `start`, `date_end`, `id_user_id`) VALUES (51, '2009-11-24 09:31:02', '1988-09-24 07:36:41', 87);
INSERT INTO `availability` (`id`, `start`, `date_end`, `id_user_id`) VALUES (56, '2002-04-16 07:29:03', '2003-09-02 07:49:55', 62);
INSERT INTO `availability` (`id`, `start`, `date_end`, `id_user_id`) VALUES (57, '2015-03-24 18:05:20', '2013-09-21 01:50:28', 4);
INSERT INTO `availability` (`id`, `start`, `date_end`, `id_user_id`) VALUES (58, '2008-06-06 17:04:00', '2017-02-23 09:11:02', 52);
INSERT INTO `availability` (`id`, `start`, `date_end`, `id_user_id`) VALUES (61, '1994-03-09 19:57:25', '1975-12-15 04:51:33', 6);
INSERT INTO `availability` (`id`, `start`, `date_end`, `id_user_id`) VALUES (66, '2002-01-20 10:24:36', '1979-02-18 10:23:48', 1);
INSERT INTO `availability` (`id`, `start`, `date_end`, `id_user_id`) VALUES (68, '1999-11-08 00:11:08', '1988-10-12 18:18:42', 4);
INSERT INTO `availability` (`id`, `start`, `date_end`, `id_user_id`) VALUES (70, '2004-06-24 09:57:56', '2015-09-30 19:15:09', 2);
INSERT INTO `availability` (`id`, `start`, `date_end`, `id_user_id`) VALUES (74, '1975-07-30 02:00:17', '1984-07-17 06:05:25', 2);
INSERT INTO `availability` (`id`, `start`, `date_end`, `id_user_id`) VALUES (76, '1988-05-04 04:45:52', '1977-05-23 04:29:28', 7);
INSERT INTO `availability` (`id`, `start`, `date_end`, `id_user_id`) VALUES (84, '1981-12-20 04:18:15', '1989-10-11 05:50:03', 72);
INSERT INTO `availability` (`id`, `start`, `date_end`, `id_user_id`) VALUES (85, '2014-05-17 06:19:39', '1995-09-09 09:11:43', 11);
INSERT INTO `availability` (`id`, `start`, `date_end`, `id_user_id`) VALUES (89, '2016-05-24 21:41:47', '2008-12-14 15:17:09', 17);
INSERT INTO `availability` (`id`, `start`, `date_end`, `id_user_id`) VALUES (96, '1975-08-20 02:13:06', '1998-11-10 04:54:51', 85);
INSERT INTO `availability` (`id`, `start`, `date_end`, `id_user_id`) VALUES (100, '1989-04-12 20:49:13', '2010-03-22 23:23:17', 1);


#
# TABLE STRUCTURE FOR: planning
#


INSERT INTO `planning` (`id`, `date_start`, `date_end`, `id_user_id`, `id_site_id`) VALUES (52, '1974-01-08 22:05:29', '1979-01-15 17:04:33', 6, 9);
INSERT INTO `planning` (`id`, `date_start`, `date_end`, `id_user_id`, `id_site_id`) VALUES (65, '2008-10-07 09:16:11', '1990-02-09 23:28:00', 6, 2);
INSERT INTO `planning` (`id`, `date_start`, `date_end`, `id_user_id`, `id_site_id`) VALUES (67, '1994-12-25 13:59:03', '2012-08-10 08:23:56', 63, 8);
INSERT INTO `planning` (`id`, `date_start`, `date_end`, `id_user_id`, `id_site_id`) VALUES (68, '2001-10-18 10:31:05', '2002-07-09 15:11:32', 9, 8);
INSERT INTO `planning` (`id`, `date_start`, `date_end`, `id_user_id`, `id_site_id`) VALUES (75, '2001-05-17 03:14:47', '1981-03-24 06:00:32', 26, 1);
INSERT INTO `planning` (`id`, `date_start`, `date_end`, `id_user_id`, `id_site_id`) VALUES (79, '2005-05-22 02:04:36', '1976-09-30 21:16:10', 2, 4);
INSERT INTO `planning` (`id`, `date_start`, `date_end`, `id_user_id`, `id_site_id`) VALUES (88, '2009-12-18 02:22:49', '1991-12-14 04:28:43', 5, 5);
INSERT INTO `planning` (`id`, `date_start`, `date_end`, `id_user_id`, `id_site_id`) VALUES (89, '1988-11-23 03:31:16', '1995-02-03 01:38:58', 85, 3);
INSERT INTO `planning` (`id`, `date_start`, `date_end`, `id_user_id`, `id_site_id`) VALUES (94, '1992-01-01 16:24:28', '1997-09-12 08:03:14', 24, 7);
INSERT INTO `planning` (`id`, `date_start`, `date_end`, `id_user_id`, `id_site_id`) VALUES (95, '1977-08-19 15:43:50', '2003-10-11 17:05:02', 2, 6);
INSERT INTO `planning` (`id`, `date_start`, `date_end`, `id_user_id`, `id_site_id`) VALUES (100, '1971-09-15 06:02:58', '2016-05-01 00:07:03', 93, 5);


#
# TABLE STRUCTURE FOR: report
#


INSERT INTO `report` (`id`, `title`, `created_at`, `description`, `id_user_id`, `id_site_id`) VALUES (155, 'Saepe beatae non impedit qui.', '1982-06-01 20:07:06', 'Reiciendis autem architecto et numquam. Ea eveniet iure id eos qui. Provident at id deserunt dolor velit aut impedit. Nisi rerum eum veniam illo ducimus tempore necessitatibus.', 30, 3);
INSERT INTO `report` (`id`, `title`, `created_at`, `description`, `id_user_id`, `id_site_id`) VALUES (188, 'Modi omnis molestiae expedita vel quam ut impedit.', '2002-02-27 01:07:26', 'Quibusdam iure consequatur animi officia possimus eum nostrum iure. Sit est ad cum sint est inventore eius. Aspernatur in magni tempora. Itaque cupiditate earum optio non sequi.', 40, 3);


#
# TABLE STRUCTURE FOR: service
#


INSERT INTO `service` (`id`, `date_start`, `type_service`, `lat`, `lng`, `id_user_id`) VALUES (102, '2012-10-20 20:44:40', '', '0.00000000', '0.00000000', 97);
INSERT INTO `service` (`id`, `date_start`, `type_service`, `lat`, `lng`, `id_user_id`) VALUES (104, '1986-11-01 18:56:41', '', '0.00000000', '0.00000000', 5);
INSERT INTO `service` (`id`, `date_start`, `type_service`, `lat`, `lng`, `id_user_id`) VALUES (106, '1983-07-29 13:51:49', '', '0.00000000', '0.00000000', 6);
INSERT INTO `service` (`id`, `date_start`, `type_service`, `lat`, `lng`, `id_user_id`) VALUES (108, '1974-03-19 00:16:48', '', '0.00000000', '0.00000000', 2);
INSERT INTO `service` (`id`, `date_start`, `type_service`, `lat`, `lng`, `id_user_id`) VALUES (109, '1982-10-01 05:46:55', '', '0.00000000', '0.00000000', 5);
INSERT INTO `service` (`id`, `date_start`, `type_service`, `lat`, `lng`, `id_user_id`) VALUES (114, '1996-11-14 17:43:58', '', '0.00000000', '0.00000000', 2);
INSERT INTO `service` (`id`, `date_start`, `type_service`, `lat`, `lng`, `id_user_id`) VALUES (115, '1986-10-29 21:09:56', '', '0.00000000', '0.00000000', 3);
INSERT INTO `service` (`id`, `date_start`, `type_service`, `lat`, `lng`, `id_user_id`) VALUES (116, '2001-11-07 12:57:21', '', '0.00000000', '0.00000000', 16);
INSERT INTO `service` (`id`, `date_start`, `type_service`, `lat`, `lng`, `id_user_id`) VALUES (119, '1992-02-11 07:19:40', '', '0.00000000', '0.00000000', 2);
INSERT INTO `service` (`id`, `date_start`, `type_service`, `lat`, `lng`, `id_user_id`) VALUES (125, '1999-10-29 17:55:26', '', '0.00000000', '0.00000000', 5);
INSERT INTO `service` (`id`, `date_start`, `type_service`, `lat`, `lng`, `id_user_id`) VALUES (128, '2019-06-03 03:59:06', '', '0.00000000', '0.00000000', 27);
INSERT INTO `service` (`id`, `date_start`, `type_service`, `lat`, `lng`, `id_user_id`) VALUES (130, '1985-09-11 04:13:09', '', '0.00000000', '0.00000000', 98);
INSERT INTO `service` (`id`, `date_start`, `type_service`, `lat`, `lng`, `id_user_id`) VALUES (136, '2007-09-28 13:23:34', '', '0.00000000', '0.00000000', 1);
INSERT INTO `service` (`id`, `date_start`, `type_service`, `lat`, `lng`, `id_user_id`) VALUES (137, '1987-05-27 00:19:36', '', '0.00000000', '0.00000000', 58);
INSERT INTO `service` (`id`, `date_start`, `type_service`, `lat`, `lng`, `id_user_id`) VALUES (139, '1982-05-17 16:07:24', '', '0.00000000', '0.00000000', 7);
INSERT INTO `service` (`id`, `date_start`, `type_service`, `lat`, `lng`, `id_user_id`) VALUES (141, '1978-10-30 08:40:58', '', '0.00000000', '0.00000000', 3);
INSERT INTO `service` (`id`, `date_start`, `type_service`, `lat`, `lng`, `id_user_id`) VALUES (146, '2014-07-05 21:25:00', '', '0.00000000', '0.00000000', 5);
INSERT INTO `service` (`id`, `date_start`, `type_service`, `lat`, `lng`, `id_user_id`) VALUES (148, '1990-08-26 02:02:37', '', '0.00000000', '0.00000000', 2);
INSERT INTO `service` (`id`, `date_start`, `type_service`, `lat`, `lng`, `id_user_id`) VALUES (149, '1970-09-12 17:02:48', '', '0.00000000', '0.00000000', 19);
INSERT INTO `service` (`id`, `date_start`, `type_service`, `lat`, `lng`, `id_user_id`) VALUES (151, '1981-05-21 19:52:10', '', '0.00000000', '0.00000000', 29);
INSERT INTO `service` (`id`, `date_start`, `type_service`, `lat`, `lng`, `id_user_id`) VALUES (157, '2002-06-06 10:11:47', '', '0.00000000', '0.00000000', 3);
INSERT INTO `service` (`id`, `date_start`, `type_service`, `lat`, `lng`, `id_user_id`) VALUES (160, '2010-01-08 15:51:54', '', '0.00000000', '0.00000000', 16);
INSERT INTO `service` (`id`, `date_start`, `type_service`, `lat`, `lng`, `id_user_id`) VALUES (163, '1985-07-12 03:44:37', '', '0.00000000', '0.00000000', 25);
INSERT INTO `service` (`id`, `date_start`, `type_service`, `lat`, `lng`, `id_user_id`) VALUES (166, '1993-08-18 09:51:23', '', '0.00000000', '0.00000000', 24);
INSERT INTO `service` (`id`, `date_start`, `type_service`, `lat`, `lng`, `id_user_id`) VALUES (171, '2018-08-12 15:34:09', '', '0.00000000', '0.00000000', 58);
INSERT INTO `service` (`id`, `date_start`, `type_service`, `lat`, `lng`, `id_user_id`) VALUES (172, '1993-01-16 01:30:35', '', '0.00000000', '0.00000000', 5);
INSERT INTO `service` (`id`, `date_start`, `type_service`, `lat`, `lng`, `id_user_id`) VALUES (178, '2014-04-13 06:57:46', '', '0.00000000', '0.00000000', 3);
INSERT INTO `service` (`id`, `date_start`, `type_service`, `lat`, `lng`, `id_user_id`) VALUES (180, '1992-03-24 01:34:39', '', '0.00000000', '0.00000000', 29);
INSERT INTO `service` (`id`, `date_start`, `type_service`, `lat`, `lng`, `id_user_id`) VALUES (183, '1983-04-26 06:42:01', '', '0.00000000', '0.00000000', 43);
INSERT INTO `service` (`id`, `date_start`, `type_service`, `lat`, `lng`, `id_user_id`) VALUES (193, '2009-10-07 11:04:19', '', '0.00000000', '0.00000000', 21);
INSERT INTO `service` (`id`, `date_start`, `type_service`, `lat`, `lng`, `id_user_id`) VALUES (194, '1996-04-24 16:47:14', '', '0.00000000', '0.00000000', 40);
INSERT INTO `service` (`id`, `date_start`, `type_service`, `lat`, `lng`, `id_user_id`) VALUES (195, '2002-08-13 17:46:32', '', '0.00000000', '0.00000000', 3);
INSERT INTO `service` (`id`, `date_start`, `type_service`, `lat`, `lng`, `id_user_id`) VALUES (199, '1996-12-11 07:09:20', '', '0.00000000', '0.00000000', 10);
INSERT INTO `service` (`id`, `date_start`, `type_service`, `lat`, `lng`, `id_user_id`) VALUES (200, '1977-04-17 20:13:40', '', '0.00000000', '0.00000000', 7);

